{
  "scores": {
    "accuracy": 0.9424,
    "macro_f1": 0.941577731399529
  },
  "ece": 0.03615956644977404,
  "mean_confidence": 0.9776011034965458,
  "confusion": [
    [
      299,
      10,
      1,
      6,
      0,
      18,
      0,
      1,
      0,
      40
    ],
    [
      1,
      321,
      5,
      1,
      0,
      0,
      0,
      0,
      46,
      1
    ],
    [
      0,
      0,
      374,
      0,
      0,
      0,
      0,
      1,
      0,
      0
    ],
    [
      0,
      0,
      0,
      375,
      0,
      0,
      0,
      0,
      0,
      0
    ],
    [
      0,
      0,
      0,
      3,
      371,
      0,
      1,
      0,
      0,
      0
    ],
    [
      0,
      0,
      0,
      13,
      0,
      361,
      0,
      1,
      0,
      0
    ],
    [
      0,
      0,
      0,
      0,
      2,
      9,
      363,
      0,
      1,
      0
    ],
    [
      0,
      0,
      0,
      1,
      2,
      0,
      0,
      372,
      0,
      0
    ],
    [
      1,
      0,
      0,
      2,
      1,
      7,
      5,
      0,
      359,
      0
    ],
    [
      5,
      8,
      1,
      6,
      11,
      0,
      0,
      5,
      0,
      339
    ]
  ]
}
